card_name,amount,set_name,collector_number,is_foil
Overrun,1,10E,284,0
Voice of All,1,10E,56,0
Unsummon,1,10E,122,0
Caustic Caterpillar,1,ORI,170,0
Myr Battlesphere,1,C13,247,0
Gaze of Granite,1,C18,181,0
"Bosh, Iron Golem",1,C18,198,0
Lignify,1,DDD,16,0
Grazing Gladehart,1,ZEN,163,0
Journey to Nowhere,1,ZEN,14,0
Chaplain of Alms // Chapel Shieldgeist,1,MID,13,0
Plains,4,MID,380,0
"Gisa, Glorious Resurrector",1,MID,103,0
Timberland Guide,4,MID,202,0
Stormrider Spirit,2,MID,79,0
Moonsilver Key,1,MID,255,0
Cathartic Pyre,1,MID,133,0
Fading Hope,2,MID,51,0
Mounted Dreadknight,3,MID,150,0
Lunarch Veteran // Luminous Phantom,1,MID,27,0
Patrician Geist,1,MID,69,0
Lambholt Harrier,3,MID,145,0
Forest,4,MID,384,0
Voldaren Stinger,2,MID,167,0
Hallowed Respite,1,MID,227,0
Burn the Accursed,2,MID,132,0
Topple the Statue,1,WAR,35,0
Bolt Bend,1,WAR,115,0
Tithebearer Giant,2,WAR,107,0
Pollenbright Druid,1,WAR,173,0
"Vraska, Swarm's Eminence",1,WAR,236,0
Aid the Fallen,3,WAR,76,0
"Neheb, Dreadhorde Champion",1,WAR,140,0
Time Wipe,1,WAR,223,0
Courage in Crisis,1,WAR,158,0
Deathsprout,1,WAR,189,0
God-Pharaoh's Statue,1,WAR,238,0
Makeshift Battalion,2,WAR,22,0
Kronch Wrangler,2,WAR,166,0
Wall of Runes,1,WAR,75,0
Kaya's Ghostform,1,WAR,94,0
Ajani's Pridemate,1,WAR,4,0
Loxodon Sergeant,3,WAR,21,0
Teferi's Time Twist,1,WAR,72,0
"Ashiok, Dream Render",1,WAR,228,0
Thunder Drake,1,WAR,73,0
Vraska's Finisher,4,WAR,112,0
Bloom Hulk,1,WAR,154,0
Ornithopter,1,M10,216,0
Magma Phoenix,1,M10,148,0
Act of Treason,1,M10,124,0
"Lazav, Dimir Mastermind",1,ZNC,92,0
Faerie Vandal,1,ZNC,26,0
Slither Blade,1,ZNC,36,0
Dimir Locket,1,ZNC,111,0
Murder,1,ZNC,47,0
Changeling Outcast,1,ZNC,40,0
Invisible Stalker,1,ZNC,27,0
"Sygg, River Cutthroat",1,ZNC,103,0
Dimir Keyrune,1,ZNC,110,0
Price of Fame,1,ZNC,52,0
Military Intelligence,1,ZNC,31,0
Dimir Guildgate,1,ZNC,127,0
Whispersteel Dagger,1,ZNC,5,0
Sepulchral Primordial,1,ZNC,54,0
Enigma Thief,1,ZNC,4,0
Oona's Blackguard,1,ZNC,51,0
Marang River Prowler,1,ZNC,29,0
Heirloom Blade,1,ZNC,113,0
Command Tower,1,ZNC,124,0
"Gonti, Lord of Luxury",1,ZNC,44,0
Fated Return,1,ZNC,42,0
Marsh Flitter,1,ZNC,46,0
Distant Melody,1,ZNC,24,0
"Syr Konrad, the Grim",1,ZNC,56,0
Nightveil Sprite,1,ZNC,32,0
Silumgar's Command,1,ZNC,99,0
Jwar Isle Refuge,1,ZNC,133,0
Bonehoard,1,ZNC,108,0
Master Thief,1,ZNC,30,0
Consuming Aberration,1,ZNC,89,0
Zulaport Cutthroat,1,ZNC,57,0
Rogue's Passage,1,ZNC,138,0
Scaretiller,1,ZNC,117,0
Arcane Signet,1,ZNC,106,0
Sol Ring,1,ZNC,120,0
Spinal Embrace,1,ZNC,101,0
Submerged Boneyard,1,ZNC,141,0
Soul Manipulation,1,ZNC,100,0
Dimir Signet,1,ZNC,112,0
Myriad Landscape,1,ZNC,135,0
Aetherize,1,ZNC,23,0
Necromantic Selection,1,ZNC,48,0
Stolen Identity,1,ZNC,37,0
Open into Wonder,1,ZNC,34,0
Blackblade Reforged,1,ZNC,107,0
Ogre Slumlord,1,ZNC,50,0
Endless Obedience,1,ZNC,41,0
"Anowon, the Ruin Thief",1,ZNC,1,0
Frogtosser Banneret,1,ZNC,43,0
Obelisk of Urd,1,ZNC,115,0
In Garruk's Wake,1,ZNC,45,0
Scourge of Fleets,1,ZNC,35,0
Notorious Throng,1,ZNC,33,0
Extract from Darkness,1,ZNC,90,0
Mind Stone,1,ZNC,114,0
Fact or Fiction,1,ZNC,25,0
Commander's Sphere,1,ZNC,109,0
Triton Shorestalker,1,ZNC,38,0
Stinkdrinker Bandit,1,ZNC,55,0
Dimir Aqueduct,1,ZNC,126,0
Dismal Backwater,1,ZNC,128,0
Latchkey Faerie,1,ZNC,28,0
Whirler Rogue,1,ZNC,39,0
Rise from the Grave,1,ZNC,53,0
Nighthowler,1,ZNC,49,0
Notion Thief,1,ZNC,96,0
"Oona, Queen of the Fae",1,ZNC,98,0
Scytheclaw,1,ZNC,118,0
Primal Empathy,1,IKO,200,0
Neutralize,1,IKO,59,0
Boon of the Wish-Giver,1,IKO,43,0
Blade Banish,1,IKO,4,0
"Kogla, the Titan Ape",3,IKO,162,0
Gloom Pangolin,9,IKO,89,0
Lurking Deadeye,1,IKO,94,0
Anticipate,1,IKO,40,0
Splendor Mare,1,IKO,32,0
Wilt,1,IKO,176,0
Hunted Nightmare,1,IKO,92,0
Almighty Brushwagg,9,IKO,143,0
Colossification,3,IKO,148,0
Jubilant Skybonder,1,IKO,223,0
Grimdancer,1,IKO,90,0
Honey Mammoth,6,IKO,158,0
Humble Naturalist,6,IKO,160,0
Void Beckoner,1,IKO,104,0
Ram Through,9,IKO,170,0
Cunning Nightbonder,1,IKO,219,0
Reconnaissance Mission,1,IKO,65,0
Unlikely Aid,9,IKO,103,0
Serrated Scorpion,6,IKO,99,0
Swallow Whole,1,IKO,35,0
Bristling Boar,9,IKO,146,0
Unbreakable Bond,1,IKO,101,0
Bushmeat Poacher,1,IKO,77,0
Dire Tactics,1,IKO,183,0
Gust of Wind,2,IKO,54,0
Duskfang Mentor,1,IKO,86,0
Keep Safe,1,IKO,56,0
"Chevill, Bane of Monsters",1,IKO,181,0
Manglehorn,1,AKH,175,0
Shefet Monitor,1,AKH,186,0
Crocodile of the Crossing,2,AKH,162,0
Gate to the Afterlife,1,AKH,228,0
Bone Picker,1,AKH,81,0
Painful Lesson,1,AKH,102,0
Forsake the Worldly,1,AKH,13,0
Angler Drake,1,AKH,41,0
Weaver of Currents,2,AKH,209,0
Trial of Ambition,1,AKH,113,0
Ahn-Crop Crasher,1,AKH,117,0
Sixth Sense,1,AKH,187,0
Fling,1,AKH,132,0
Kolaghan Skirmisher,3,DTK,107,0
Crush Contraband,1,GRN,7,0
Ochran Assassin,1,GRN,194,0
Price of Fame,1,GRN,83,0
Arboretum Elemental,1,GRN,122,0
Passwall Adept,1,GRN,50,0
Lotleth Giant,1,GRN,74,0
Make a Stand,1,OGW,26,0
"Chandra, Flamecaller",1,OGW,104,0
Flaying Tendrils,1,OGW,70,0
Embodiment of Fury,1,OGW,107,0
Nissa's Judgment,1,OGW,139,0
Essence Depleter,1,OGW,69,0
Hedron Crawler,1,OGW,164,0
Cyclone Sire,1,OGW,54,0
Havoc Sower,1,OGW,71,0
Allied Reinforcements,1,OGW,15,0
Hoarding Dragon,1,IMA,134,0
Manakin,1,IMA,218,0
Guardian Idol,1,IMA,216,0
Palladium Myr,1,IMA,224,0
Suture Priest,1,NPH,25,0
Dispatch,2,NPH,7,0
Flameborn Viron,1,NPH,83,0
Trespassing Souleater,1,NPH,163,0
Roar of Challenge,1,KTK,145,0
Waterwhirl,1,KTK,60,0
Jeskai Elder,1,KTK,43,0
Dazzling Ramparts,1,KTK,6,0
Dragon Mage,1,M20,135,0
Moldervine Reclamation,1,M20,214,0
Immortal Phoenix,1,M20,332,0
Meteor Golem,1,M20,232,0
Scuttling Doom Engine,1,DDU,61,0
Rally the Ranks,1,KHM,20,0
Niko Defies Destiny,1,KHM,226,0
Island,12,KHM,395,0
Surtland Elementalist,1,KHM,375,0
Gates of Istfell,1,KHM,256,0
Behold the Multiverse,1,KHM,46,0
"Vega, the Watcher",1,KHM,233,0
Ravenform,1,KHM,72,0
Depart the Realm,1,KHM,53,0
Iron Verdict,1,KHM,17,0
Warhorn Blast,1,KHM,38,0
Karfell Harbinger,1,KHM,65,0
Cosmos Charger,1,KHM,51,0
Plains,13,KHM,394,0
"Fynn, the Fangbearer",1,KHM,170,0
Saw It Coming,1,KHM,76,0
Glacial Floodplain,13,KHM,257,0
Replicating Ring,1,KHM,244,0
Shepherd of the Cosmos,1,KHM,28,0
Snakeskin Veil,1,KHM,194,0
"Varragoth, Bloodsky Sire",1,KHM,115,0
Mystic Reflection,1,KHM,69,0
"Cosima, God of the Voyage // The Omenkeel",1,KHM,50,0
Shinen of Life's Roar,1,SOK,149,0
Mortuary Mire,1,CLB,900,0
"Oji, the Exquisite Blade",1,CLB,290,0
Meteor Golem,1,CLB,323,0
Mind Stone,1,CLB,325,0
"Drakuseth, Maw of Flames",1,CLB,790,0
Dragon's Hoard,1,CLB,858,0
Poison the Blade,1,CLB,248,0
Glorious Protector,1,CLB,695,0
You Look Upon the Tarrasque,1,CLB,262,0
Solemn Simulacrum,1,CLB,872,0
"Ryusei, the Falling Star",1,CLB,806,0
Blur,1,CLB,58,0
Avatar of Slaughter,1,CLB,779,0
Steel Hellkite,1,CLB,874,0
Chain Reaction,1,CLB,783,0
Moss Diamond,1,CLB,327,0
Burnished Hart,1,CLB,303,0
Tectonic Giant,1,CLB,808,0
Outpost Siege,1,CLB,804,0
"Erinis, Gloom Stalker",1,CLB,230,0
Far Traveler,1,CLB,17,0
Warstorm Surge,1,CLB,815,0
"Vivien, Champion of the Wilds",1,CLB,838,0
"Etali, Primal Storm",1,CLB,793,0
Power Word Kill,1,AFR,114,0
"Shessra, Death's Whisper",1,AFR,231,0
Unexpected Windfall,1,AFR,164,0
Piper of the Swarm,1,ELD,100,0
True Love's Kiss,1,ELD,34,0
Rosethorn Acolyte // Seasonal Ritual,1,ELD,174,0
Lost Legion,9,ELD,94,0
Heraldic Banner,2,ELD,222,0
Barrow Witches,3,ELD,77,0
Glass Casket,1,ELD,15,0
Epic Downfall,1,ELD,85,0
Didn't Say Please,1,ELD,42,0
Forever Young,1,ELD,89,0
Faerie Vandal,3,ELD,45,0
Overwhelmed Apprentice,1,ELD,60,0
Ferocity of the Wilds,1,ELD,123,0
Thunderous Snapper,1,ELD,215,0
Oakhame Adversary,1,ELD,167,0
Fires of Invention,1,ELD,125,0
Ardenvale Paladin,1,ELD,4,0
"Yorvo, Lord of Garenbrig",3,ELD,185,0
Gingerbread Cabin,1,ELD,245,0
Crashing Drawbridge,1,ELD,217,0
Mantle of Tides,2,ELD,52,0
Foulmire Knight // Profane Insight,1,ELD,90,0
Foreboding Fruit,1,ELD,88,0
Ardenvale Tactician // Dizzying Swoop,2,ELD,5,0
Silverflame Ritual,1,ELD,30,0
Fling,1,ELD,126,0
Queen of Ice // Rage of Winter,2,ELD,61,0
Fae of Wishes // Granted,1,ELD,44,0
Charmed Sleep,2,ELD,40,0
Covetous Urge,1,ELD,207,0
Sure-Footed Infiltrator,1,ZNR,83,0
Nullpriest of Oblivion,1,ZNR,118,0
Soaring Thought-Thief,1,ZNR,236,0
Merfolk Windrobber,1,ZNR,70,0
Swamp,15,ZNR,382,0
Kabira Takedown // Kabira Plateau,1,ZNR,19,0
Island,15,ZNR,381,0
Tormenting Voice,1,ZNR,172,0
Tajuru Blightblade,1,ZNR,208,0
Khalni Ambush // Khalni Territory,1,ZNR,192,0
Cliffhaven Kitesail,1,ZNR,243,0
Blade Juggler,3,RNA,63,0
Rampaging Rendhorn,1,RNA,135,0
Mirror March,1,RNA,108,0
Orzhov Enforcer,1,RNA,79,0
Sentinel's Mark,1,RNA,20,0
Bladebrand,1,RNA,64,0
Golgari Rot Farm,1,C19,248,0
Putrefy,1,C19,197,0
Barren Moor,1,C19,229,0
Bloodfire Colossus,1,DDI,62,0
Smoldering Crater,1,C15,308,0
Dawn to Dusk,1,BNG,6,0
Setessan Starbreaker,1,BNG,139,0
Satyr Wayfinder,2,BNG,136,0
Swordwise Centaur,1,BNG,142,0
Silent Sentinel,1,BNG,26,0
Drown in Sorrow,1,BNG,65,0
Bile Blight,1,BNG,61,0
Graverobber Spider,1,BNG,122,0
Stratus Walk,1,BNG,52,0
Bolt of Keranos,1,BNG,89,0
Revoke Existence,1,BNG,25,0
Divination,1,BNG,36,0
Ashiok's Adept,1,BNG,59,0
Nullify,1,BNG,45,0
Weight of the Underworld,1,BNG,86,0
Nyxborn Rollicker,1,BNG,102,0
Sphinx's Disciple,1,BNG,51,0
Searing Blood,1,BNG,111,0
Karametra's Favor,1,BNG,125,0
Fearsome Temper,1,BNG,95,0
Evanescent Intellect,1,BNG,38,0
Gorgon's Head,1,BNG,158,0
Loyal Pegasus,1,BNG,19,0
Fall of the Hammer,1,BNG,93,0
Sanguimancy,2,BNG,81,0
Hold at Bay,1,BNG,18,0
Siren Lookout,1,XLN,78,0
Burning Sun's Avatar,1,XLN,135,0
Deeproot Warrior,1,XLN,186,0
Chart a Course,3,XLN,48,0
Favorable Winds,1,XLN,56,0
Blinding Fog,1,XLN,177,0
Costly Plunder,2,XLN,96,0
Lace with Moonglove,1,LRW,225,0
Promise of Tomorrow,1,CMR,39,0
Ambush Viper,1,CMR,213,0
Path of Ancestry,1,CMR,353,0
Cast Down,1,CMR,112,0
Thorn of the Black Rose,1,CMR,154,0
Fire Diamond,1,CMR,309,0
Fyndhorn Elves,1,CMR,228,0
Opal Palace,1,CMR,352,0
"Halana, Kessig Ranger",1,CMR,231,0
Dreamstone Hedron,1,CMR,307,0
Wild Ricochet,1,CMR,419,0
"Alena, Kessig Trapper",1,CMR,160,0
Commander's Sphere,1,CMR,306,0
Mask of Memory,1,CMR,324,0
Sandstone Oracle,1,CMR,336,0
Yavimaya Elder,1,CMR,441,0
Djinn of Wishes,1,M19,52,0
Supreme Phantom,1,M19,76,0
Isareth the Awakener,1,M19,104,0
Star-Crowned Stag,2,M19,38,0
Revitalize,1,M19,35,0
Angel of the Dawn,1,M19,7,0
Aetherspouts,1,C21,114,0
Rout,1,C21,101,0
Triplicate Titan,1,C21,79,0
Ruin Grinder,1,C21,57,0
Forgotten Cave,1,C21,289,0
Hornet Nest,1,C21,192,0
Leyline Prowler,1,C21,222,0
Duplicant,1,C21,242,0
Shamanic Revelation,1,MIC,143,0
Smite the Monstrous,1,ISD,33,0
Rolling Temblor,2,ISD,161,0
Intangible Virtue,1,ISD,19,0
Hamlet Captain,2,ISD,187,0
Battleground Geist,1,ISD,45,0
Gallows Warden,1,ISD,16,0
Slayer of the Wicked,2,ISD,32,0
Moorland Haunt,1,ISD,244,0
Naturalize,1,ISD,197,0
Unburial Rites,1,ISD,122,0
Mausoleum Guard,1,ISD,20,0
Inquisitor's Flail,1,ISD,227,0
Geist of Saint Traft,1,ISD,213,0
Somberwald Spider,1,ISD,202,0
Sharpened Pitchfork,1,ISD,232,0
Selfless Cathar,3,ISD,30,0
Brimstone Volley,2,ISD,132,0
Wreath of Geists,1,ISD,211,0
Civilized Scholar // Homicidal Brute,1,ISD,47,0
Grave Bramble,1,ISD,184,0
Angel of Flight Alabaster,1,ISD,2,0
Cellar Door,1,ISD,218,0
Village Cannibals,1,ISD,125,0
Lantern Spirit,1,ISD,62,0
Mentor of the Meek,1,ISD,21,0
Make a Wish,1,ISD,192,0
Vampiric Fury,1,ISD,167,0
Night Revelers,1,ISD,153,0
Villagers of Estwald // Howlpack of Estwald,1,ISD,209,0
Skirsdag Cultist,1,ISD,163,0
Fiend Hunter,1,ISD,15,0
Silver-Inlaid Dagger,1,ISD,233,0
Spider Spawning,1,ISD,203,0
Dimir Cluestone,1,DGM,138,0
Auriok Edgewright,1,SOM,3,0
Revoke Existence,3,SOM,18,0
Glint Hawk,1,SOM,10,0
Liquimetal Coating,1,SOM,171,0
Memnite,4,SOM,174,0
Copperhorn Scout,1,SOM,116,0
Tempered Steel,2,SOM,24,0
Wall of Tanglecord,2,SOM,222,0
Accorder's Shield,1,SOM,136,0
Withstand Death,1,SOM,134,0
Tangle Angler,1,SOM,128,0
Cystbearer,1,SOM,117,0
Darksteel Axe,1,SOM,149,0
Culling Dais,1,SOM,148,0
Carrion Call,1,SOM,115,0
Arrest,2,SOM,2,0
Mentor of the Meek,1,2X2,17,0
Rampant Growth,1,2X2,155,0
Path to Exile,1,2X2,23,0
Angel's Tomb,1,AVR,211,0
Cloudshift,1,AVR,12,0
Lair Delve,2,AVR,184,0
Tyrant of Discord,1,AVR,162,0
Maze Behemoth,1,DGM,43,0
Bane Alley Blackguard,1,DGM,21,0
Gruul Guildgate,1,DGM,150,0
Wake the Reflections,1,DGM,10,0
Battering Krasis,1,DGM,41,0
Haazda Snare Squad,2,DGM,2,0
Awe for the Guilds,1,DGM,31,0
Beast Whisperer,1,C20,167,0
Beast Within,1,C20,168,0
Majestic Myriarch,1,C20,182,0
Skullwinder,1,C20,189,0
Tectonic Reformation,1,C20,162,0
Spinerock Knoll,1,C20,316,0
Wilderness Reclamation,1,C20,196,0
Blighted Woodland,1,C20,258,0
Hornet Queen,1,C20,176,0
Endless Sands,1,C20,272,0
Narnam Renegade,1,AER,117,0
Glint-Sleeve Siphoner,1,AER,62,0
Gifted Aetherborn,1,AER,61,0
Desert of the Indomitable,1,HOU,172,0
Chaos Maw,1,HOU,87,0
Midnight Clock,1,VOC,108,0
"Millicent, Restless Revenant",1,VOC,1,0
Storm of Souls,1,VOC,9,0
Angel of Flight Alabaster,1,VOC,77,0
Geist of Saint Traft,1,VOC,155,0
Moorland Haunt,1,VOC,175,0
Hanged Executioner,1,VOC,89,0
Haunted Library,1,VOC,6,0
Drogskol Reinforcements,1,VOC,5,0
Drogskol Captain,1,VOC,154,0
Supreme Phantom,1,VOC,115,0
Spectral Sailor,1,VOC,114,0
Karmic Guide,1,VOC,90,0
Spectral Arcanist,1,VOC,15,0
Aggressive Instinct,1,MB1,1113,0
Vaporkin,1,THS,72,0
Returned Centaur,1,THS,103,0
Voyaging Satyr,1,THS,182,0
Last Breath,1,THS,22,0
Fleetfeather Sandals,2,THS,216,0
Traveler's Amulet,2,THS,221,0
Reaper of the Wilds,1,THS,201,0
Karametra's Acolyte,1,THS,160,0
Voyage's End,2,THS,73,0
Demolish,1,THS,118,0
Hunt the Hunter,2,THS,159,0
Warriors' Lesson,1,THS,184,0
Sedge Scorpion,1,THS,177,0
Minotaur Skullcleaver,1,THS,130,0
Spark Jolt,1,THS,140,0
Ephara's Warden,1,THS,10,0
Time to Feed,1,THS,181,0
Disciple of Phenax,1,THS,84,0
Guardians of Meletis,1,THS,217,0
Crackling Triton,1,THS,45,0
March of the Returned,2,THS,96,0
Mogis's Marauder,1,THS,97,0
Gods Willing,1,THS,16,0
Keepsake Gorgon,1,THS,93,0
Gray Merchant of Asphodel,2,THS,89,0
Evangel of Heliod,1,THS,11,0
Lightning Strike,2,THS,127,0
Meletis Charlatan,1,THS,54,0
Pharika's Cure,2,THS,100,0
Defend the Hearth,1,THS,156,0
Nemesis of Mortals,1,THS,163,0
Agent of Horizons,1,THS,148,0
Opaline Unicorn,2,THS,218,0
Chosen by Heliod,1,THS,5,0
Dragon Mantle,1,THS,119,0
Read the Bones,1,THS,101,0
Commune with the Gods,1,THS,155,0
Observant Alseid,1,THS,24,0
Omenspeaker,2,THS,57,0
Two-Headed Cerberus,1,THS,146,0
Magus of the Wheel,1,NCC,271,0
Myriad Landscape,1,NCC,416,0
Evolution Sage,1,NCC,287,0
Lifecrafter's Bestiary,1,NCC,370,0
Intangible Virtue,1,NCC,204,0
Chaos Warp,1,NCC,266,0
Harmonize,1,NCC,295,0
Inferno Titan,1,NCC,269,0
Midnight Clock,1,NCC,226,0
Stalking Vengeance,1,NCC,276,0
Champion of Lambholt,1,NCC,284,0
Mimic Vat,1,NCC,372,0
Park Heights Maverick,1,NCC,63,0
Inkfathom Witch,1,NCC,342,0
Trollhide,1,M12,199,0
Jade Mage,1,M12,181,0
Stingerfling Spider,1,M12,197,0
Greatsword,1,M12,209,0
Overrun,2,M12,186,0
Turn to Frog,1,M12,78,0
Lure,1,M12,183,0
Sengir Vampire,1,M12,107,0
Hunter's Insight,1,M12,180,0
Mind Control,2,M12,67,0
Elite Vanguard,1,M12,15,0
Harvester of Souls,1,DDQ,60,0
Bogardan Hellkite,1,AFC,115,0
Demanding Dragon,1,AFC,120,0
Magmaquake,1,AFC,133,0
Spit Flame,1,AFC,142,0
Rushed Rebirth,1,STX,228,0
Resculpt,1,STX,51,0
Infuse with Vitality,1,STX,194,0
Devouring Tendrils,1,STX,126,0
Knight-Captain of Eos,1,ALA,17,0
Smash,1,RAV,143,0
Demonic Vigor,1,DOM,85,0
Untamed Kavu,1,DOM,186,0
Eviscerate,1,DOM,91,0
Dark Bargain,1,DOM,83,0
Serra Angel,1,DOM,33,0
Diabolic Tutor,1,KLD,75,0
Snare Thopter,2,KLD,236,0
Cathartic Reunion,1,KLD,109,0
Nature's Way,1,KLD,162,0
Archaeomancer,1,M14,43,0
Wild Guess,1,M14,161,0
Unstable Obelisk,1,CM2,227,0
Necrobite,1,M15,105,0
Tyrant's Machine,1,M15,238,0
Borderland Marauder,1,M15,131,0
Divine Verdict,2,M15,271,0
Flesh to Dust,1,M15,98,0
Inspired Charge,1,M15,272,0
Accursed Spirit,1,M15,85,0
Quickling,1,M15,76,0
Peel from Reality,1,M15,74,0
Raise the Alarm,1,M15,26,0
Centaur Courser,1,M15,282,0
Crippling Blight,1,M15,92,0
Reclamation Sage,1,M15,194,0
Roaring Primadox,1,M15,196,0
Shadowcloak Vampire,1,M15,113,0
Undergrowth Scavenger,1,M15,204,0
Oppressive Rays,1,M15,21,0
Crowd's Favor,1,M15,138,0
Rotfeaster Maggot,1,M15,112,0
Serra Angel,1,M15,273,0
Frost Lynx,2,M15,55,0
Lava Axe,1,M15,154,0
Negate,1,M15,71,0
Aegis Angel,1,M15,270,0
Cone of Flame,1,M15,137,0
Wall of Limbs,1,M15,121,0
Wall of Fire,1,M15,167,0
Into the Void,1,M15,60,0
Mind Rot,1,M15,104,0
Covenant of Blood,1,M15,91,0
Juggernaut,1,M15,220,0
Frenzied Goblin,1,M15,142,0
Ensoul Artifact,1,M15,54,0
Shaman of Spring,2,M15,199,0
Charging Rhino,1,M15,171,0
Seismic Strike,1,M15,280,0
Sign in Blood,3,M15,114,0
Kapsho Kitefins,1,M15,66,0
Siege Wurm,1,M15,200,0
Jace's Ingenuity,1,M15,63,0
Sacred Armory,1,M15,228,0
Shivan Dragon,1,M15,281,0
Sengir Vampire,1,M15,277,0
Titanic Growth,1,M15,203,0
Garruk's Packleader,1,M15,283,0
Child of Night,1,M15,90,0
Nightmare,1,M15,276,0
Mahamoti Djinn,1,M15,275,0
Walking Corpse,1,M15,278,0
Terra Stomper,1,M15,284,0
Krenko's Enforcer,1,M15,152,0
Cancel,1,M15,274,0
Runeclaw Bear,2,M15,197,0
Furnace Whelp,1,M15,279,0
Unmake the Graves,1,M15,120,0
Divination,2,M15,52,0
Elvish Mystic,2,M15,173,0
Shrapnel Blast,1,M15,161,0
Aeronaut Tinkerer,1,M15,43,0
Aggressive Mining,1,M15,127,0
Bronze Sable,1,M15,214,0
Welkin Tern,1,M15,84,0
Scrapyard Mongrel,1,M15,160,0
Ornithopter,1,M15,223,0
Coral Barrier,1,M15,49,0
Kinsbaile Skirmisher,1,M15,16,0
Stinging Lionfish,1,THB,69,0
Ironscale Hydra,3,THB,296,0
Pharika's Libation,1,THB,111,0
Underworld Dreams,1,THB,121,0
Nyxborn Brute,1,THB,144,0
Skola Grovedancer,1,THB,202,0
Agonizing Remorse,1,THB,83,0
Mire's Grasp,2,THB,106,0
Stern Dismissal,2,THB,68,0
Bronze Sword,1,THB,232,0
Underworld Breach,1,THB,161,0
Oread of Mountain's Blaze,1,THB,146,0
"Daxos, Blessed by the Sun",1,THB,9,0
Pheres-Band Brawler,1,THB,193,0
Pious Wayfarer,1,THB,32,0
Warbriar Blessing,1,THB,204,0
Deny the Divine,1,THB,47,0
Staggering Insight,1,THB,228,0
Captivating Unicorn,1,THB,6,0
"Tymaret, Chosen from Death",1,THB,119,0
Flummoxed Cyclops,1,THB,135,0
Rage-Scarred Berserker,2,THB,113,0
Thirst for Meaning,1,THB,74,0
Commanding Presence,1,THB,7,0
Furious Rise,1,THB,136,0
"Alirios, Enraptured",1,THB,42,0
Aspect of Lamprey,1,THB,85,0
Enemy of Enlightenment,1,THB,92,0
"Renata, Called to the Hunt",1,THB,196,0
Thassa's Intervention,1,THB,72,0
Nylea's Forerunner,1,THB,186,0
Thrill of Possibility,1,THB,159,0
Funeral Rites,1,THB,97,0
Sentinel's Eyes,1,THB,36,0
Woe Strider,1,THB,123,0
Treacherous Blessing,1,THB,117,0
Alseid of Life's Bounty,1,THB,1,0
Setessan Petitioner,1,THB,199,0
Loathsome Chimera,2,THB,177,0
Medomai's Prophecy,1,THB,53,0
Mire Triton,1,THB,105,0
Sleep of the Dead,1,THB,66,0
Treeshaker Chimera,3,THB,297,0
Setessan Skirmisher,1,THB,200,0
Indomitable Will,1,THB,25,0
Rumbling Sentry,2,THB,35,0
Hydra's Growth,1,THB,172,0
Sweet Oblivion,1,THB,70,0
Cling to Dust,2,THB,87,0
Irreverent Revelers,1,THB,143,0
Arasta of the Endless Web,1,THB,352,1
Soulreaper of Mogis,2,THB,115,0
Fateful End,1,THB,133,0
Demon of Loathing,3,THB,292,0
Traveler's Amulet,1,THB,240,0
Skophos Warleader,1,THB,154,0
Flicker of Fate,1,THB,16,0
Satyr's Cunning,1,THB,152,0
Witness of Tomorrows,1,THB,82,0
Fruit of Tizerus,1,THB,96,0
Brine Giant,2,THB,44,0
Nexus Wardens,3,THB,184,0
"Erebos, Bleak-Hearted",1,THB,262,0
Dryad of the Ilysian Grove,1,THB,169,0
Tectonic Giant,1,THB,158,0
Omen of the Forge,2,THB,145,0
Wolfwillow Haven,1,THB,205,0
Relentless Pursuit,1,THB,195,0
Triumphant Surge,1,THB,41,0
Gift of Strength,1,THB,171,0
Nadir Kraken,1,THB,55,0
Blight-Breath Catoblepas,4,THB,86,0
Thaumaturge's Familiar,1,THB,238,0
Gray Merchant of Asphodel,1,THB,99,0
Arasta of the Endless Web,1,THB,165,0
Ilysian Caryatid,1,THB,174,0
Dream Trawler,1,THB,214,0
Omen of the Hunt,1,THB,192,0
Omen of the Hunt,1,THB,192,1
Omen of the Dead,1,THB,110,0
Hateful Eidolon,1,THB,101,0
Hero of the Pride,1,THB,22,0
Nessian Hornbeetle,1,THB,182,0
Elite Instructor,1,THB,49,0
Infuriate,1,THB,141,0
Omen of the Sun,2,THB,30,0
Nyx Herald,1,THB,189,0
Vexing Gull,1,THB,79,0
Chainweb Aracnir,1,THB,167,0
Karametra's Blessing,1,THB,26,0
Glory Bearers,1,THB,17,0
Nyxborn Colossus,2,THB,191,0
Towering-Wave Mystic,3,THB,77,0
Final Death,1,THB,95,0
Escape Velocity,1,THB,132,0
Drag to the Underworld,1,THB,89,0
Sea God's Scorn,1,THB,63,0
Hero of the Nyxborn,1,THB,219,0
One with the Stars,1,THB,59,0
Nyxborn Seaguard,2,THB,57,0
Revoke Existence,2,THB,34,0
Venomous Hierophant,2,THB,122,0
Whirlwind Denial,1,THB,81,0
Acolyte of Affliction,1,THB,206,0
Grasping Giant,1,THB,288,0
Pharika's Spawn,1,THB,112,0
Return to Nature,1,THB,197,0
Moss Viper,2,THB,179,0
Omen of the Sea,1,THB,58,0
Plummet,6,THB,194,0
Discordant Piper,1,THB,88,0
"Taranika, Akroan Veteran",1,THB,39,0
Transcendent Envoy,1,THB,40,0
Memory Drain,1,THB,54,0
Iroas's Blessing,1,THB,142,0
"Purphoros, Bronze-Blooded",1,THB,150,0
Scavenging Harpy,1,THB,114,0
Inspire Awe,1,THB,175,0
Wrap in Flames,1,THB,164,0
Grim Physician,1,THB,100,0
Setessan Training,1,THB,201,0
Triton Waverider,2,THB,78,0
Portent of Betrayal,1,THB,149,0
"Anax, Hardened in the Forge",1,THB,264,0
Hyrax Tower Scout,10,THB,173,0
Glimpse of Freedom,1,THB,50,0
Stampede Rider,1,THB,155,0
Heliod's Pilgrim,1,THB,20,0
Riptide Turtle,1,THB,61,0
Thundering Chariot,1,THB,239,0
Hero of the Games,1,THB,137,0
Minion's Return,1,THB,104,0
The Birth of Meletis,2,THB,5,0
Underworld Sentinel,3,THB,293,0
Naiad of Hidden Coves,1,THB,56,0
Mogis's Favor,1,THB,107,0
Heroes of the Revel,1,THB,138,0
Leonin of the Lost Pride,1,THB,28,0
Altar of the Pantheon,1,THB,231,0
Dreadful Apathy,1,THB,11,0
Wings of Hubris,1,THB,241,0
Ichthyomorphosis,1,THB,51,0
Mirror Shield,1,THB,234,0
Lampad of Death's Vigil,2,THB,103,0
Elspeth Conquers Death,1,THB,13,0
Incendiary Oracle,2,THB,140,0
Purphoros's Intervention,1,THB,151,0
Voracious Typhon,1,THB,203,0
Final Flare,1,THB,134,0
Underworld Charger,2,THB,120,0
Thrill of Possibility,2,M21,165,0
Aspect of Manticore,1,THB,127,0
Dreamshaper Shaman,1,THB,130,0
Dawn Evangel,1,THB,8,0
Daybreak Chimera,3,THB,10,0
Chain to Memory,1,THB,46,0
Temple Thief,1,THB,116,0
Farsight Mask,1,PCA,109,0
"Gonti, Lord of Luxury",1,JMP,240,0
Keeper of Fables,1,JMP,407,0
Witch of the Moors,1,JMP,18,0
Assault Suit,1,C14,53,0
Snake Umbra,1,NEC,130,0
Prairie Stream,1,NEC,175,0
Skycloud Expanse,1,NEC,177,0
Temple of Enlightenment,1,NEC,180,0
Fireshrieker,1,NEC,151,0
Acidic Slime,1,NEC,112,0
Port Town,1,NEC,174,0
Dissension in the Ranks,1,SOI,152,0
Rabid Bite,1,SOI,223,0
Tenacity,1,SOI,42,0
Drogskol Cavalry,1,SOI,15,0
Fleeting Memories,1,SOI,62,0
Essence Flux,1,SOI,61,0
Not Forgotten,1,SOI,30,0
Humble the Brute,1,SOI,23,0
Behind the Scenes,1,SOI,100,0
Vessel of Volatility,1,SOI,189,0
Creeping Dread,1,SOI,104,0
Epitaph Golem,1,SOI,254,0
Hope Against Hope,1,SOI,22,0
Rattlechains,1,SOI,81,0
Nahiri's Machinations,1,SOI,28,0
Spectral Shepherd,1,SOI,38,0
Pore Over the Pages,1,SOI,79,0
Invocation of Saint Traft,1,SOI,246,0
Town Gossipmonger // Incited Rabble,1,SOI,46,0
Manic Scribe,1,SOI,73,0
Gloomwidow,1,SOI,206,0
Briarbridge Patrol,1,SOI,195,0
Magnifying Glass,1,SOI,258,0
Deathcap Cultivator,1,SOI,202,0
Ethereal Ambush,3,FRF,152,0
Ephemerate,1,MH1,7,0
Rhox Veteran,2,MH1,24,0
Martyr's Soul,1,MH1,19,0
Nimble Mongoose,1,MH1,174,0
Webweaver Changeling,1,MH1,192,0
Fountain of Ichor,1,MH1,223,0
Trumpeting Herd,1,MH1,187,0
Treetop Ambusher,1,MH1,186,0
Choking Tethers,2,MH1,44,0
Spell Snuff,1,MH1,70,0
Azra Smokeshaper,1,MH1,79,0
Return to Dust,1,KHC,32,0
Cryptic Caves,1,KHC,109,0
Windfall,1,KHC,46,0
Banishing Light,1,KHC,19,0
Meteor Golem,1,KHC,101,0
"Brago, King Eternal",1,KHC,82,0
Sol Ring,1,KHC,104,0
Ghostly Prison,1,KHC,26,0
Azorius Signet,1,KHC,97,0
Ranar the Ever-Watchful,1,KHC,2,0
Sage of the Beyond,1,KHC,6,0
Marshal's Anthem,1,KHC,29,0
Curse of the Swine,1,KHC,37,0
Storm Herd,1,KHC,33,0
Whirler Rogue,1,KHC,45,0
Wall of Omens,1,KHC,35,0
Mulldrifter,1,KHC,42,0
Sky Diamond,1,KHC,103,0
Restoration Angel,1,KHC,31,0
Commander's Sphere,1,KHC,99,0
Hero of Bretagard,1,KHC,4,0
Myriad Landscape,1,KHC,115,0
Ghostly Flicker,1,KHC,39,0
Sea Gate Oracle,1,KHC,43,0
Eerie Interlude,1,KHC,22,0
Geist-Honored Monk,1,KHC,25,0
Soulherder,1,KHC,93,0
Ethereal Valkyrie,1,KHC,16,0
Burnished Hart,1,KHC,98,0
Azorius Guildgate,1,KHC,107,0
Mistmeadow Witch,1,KHC,88,0
Kor Cartographer,1,KHC,28,0
Opal Palace,1,KHC,116,0
Cloudgoat Ranger,1,KHC,21,0
Spectral Deluge,1,KHC,7,0
Command Tower,1,KHC,108,0
Day of the Dragons,1,KHC,38,0
Inspired Sphinx,1,KHC,40,0
Thunderclap Wyvern,1,KHC,94,0
Goldnight Commander,1,KHC,27,0
Mist Raven,1,KHC,41,0
Cosmic Intervention,1,KHC,3,0
Cleansing Nova,1,KHC,20,0
Empyrean Eagle,1,KHC,85,0
Migratory Route,1,KHC,87,0
Sejiri Refuge,1,KHC,118,0
Sun Titan,1,KHC,34,0
Arcane Artisan,1,KHC,36,0
Tranquil Cove,1,KHC,119,0
Swiftfoot Boots,1,KHC,105,0
Angel of Serenity,1,KHC,18,0
Tales of the Ancestors,1,KHC,8,0
Azorius Chancery,1,KHC,106,0
Evangel of Heliod,1,KHC,23,0
Marble Diamond,1,KHC,100,0
Synthetic Destiny,1,KHC,44,0
Meandering River,1,KHC,114,0
Mind Stone,1,KHC,102,0
Cloudblazer,1,KHC,84,0
Flickerwisp,1,KHC,24,0
Momentary Blink,1,KHC,30,0
Arcane Signet,1,KHC,96,0
Stoic Farmer,1,KHC,5,0
Angel of Finality,1,KHC,17,0
Nebelgast Beguiler,2,VOW,25,0
Witch's Web,3,VOW,227,0
Plains,4,VOW,398,0
Flourishing Hunter,2,VOW,199,0
Winged Portent,1,VOW,89,0
Soulcipher Board // Cipherbound Spirit,1,VOW,79,0
Hullbreaker Horror,1,VOW,63,0
Whispering Wizard,1,VOW,88,0
Spore Crawler,3,VOW,222,0
Geistlight Snare,1,VOW,60,0
Mirrorhall Mimic // Ghastly Mimicry,1,VOW,68,0
Unholy Officiant,2,VOW,41,0
Brine Comber // Brinebound Gift,1,VOW,233,0
Dig Up,1,VOW,197,0
"Henrika Domnathi // Henrika, Infernal Seer",1,VOW,119,0
Abrade,4,VOW,139,0
Mischievous Catgeist // Catlike Curiosity,1,VOW,69,0
Lantern Bearer // Lanterns' Lift,1,VOW,66,0
Distracting Geist // Clever Distraction,1,VOW,9,0
Serpentine Ambush,3,VOW,77,0
Mountain,4,VOW,401,0
Welcoming Vampire,1,VOW,46,0
Fleeting Spirit,1,VOW,14,0
Wretched Throng,4,VOW,91,0
Twinblade Geist // Twinblade Invocation,1,VOW,40,0
Island,4,VOW,399,0
Thornweald Archer,1,EMA,189,0
Faithless Looting,1,EMA,128,0
Fog,1,EMA,167,0
Crater Hellion,1,EMA,124,0
Grappling Hook,1,C17,212,0
Underworld Connections,1,C17,128,0
Death's Caress,1,DKA,59,0
Midnight Guard,1,DKA,14,0
Deadly Allure,1,DKA,58,0
Skirsdag Flayer,1,DKA,74,0
Skillful Lunge,1,DKA,22,0
Fiend of the Shadows,1,DKA,62,1
Kessig Recluse,1,DKA,121,0
Pyreheart Wolf,1,DKA,101,0
Gather the Townsfolk,2,DKA,8,0
Wild Hunger,1,DKA,132,0
Dungeon Geists,1,DKA,36,0
Suspend,1,MH2,68,0
Urban Daggertooth,1,MH2,181,0
Nevinyrral's Disk,1,MH2,298,0
Smell Fear,1,MH2,173,0
Island,4,NEO,285,0
Fang of Shigeki,1,NEO,183,0
Mountain,4,NEO,289,0
Brute Suit,2,NEO,241,0
Rugged Highlands,4,NEO,273,0
Plains,4,NEO,283,0
Tranquil Cove,4,NEO,280,0
Planar Incision,1,NEO,72,0
Seven-Tail Mentor,3,NEO,36,0
Forest,4,NEO,291,0
Kappa Tech-Wrecker,1,NEO,198,0
Touch the Spirit Realm,1,NEO,40,0
Search for Tomorrow,1,TSR,229,0
Evolution Charm,1,TSR,202,0
Ornithopter,2,M11,211,0
Greater Basilisk,1,M11,180,0
Sword of Vengeance,1,M11,216,0
Celestial Purge,1,M11,9,0
Mwonvuli Beast Tracker,1,M13,177,0
Mindclaw Shaman,1,M13,142,0
Deadly Recluse,1,M13,165,0
Duskmantle Prowler,1,M13,91,0
Oreskos Swiftclaw,1,JOU,20,0
Cast into Darkness,1,JOU,63,0
Agent of Erebos,1,JOU,59,0
Whitewater Naiads,1,JOU,58,0
Nessian Game Warden,1,JOU,132,0
Bladetusk Boar,1,JOU,90,0
Cloaked Siren,1,JOU,32,0
Magma Spray,1,JOU,103,0
Returned Reveler,1,JOU,79,0
Spirespine,1,JOU,142,0
Squelching Leeches,1,JOU,84,0
Pin to the Earth,1,JOU,45,0
Chariot of Victory,1,JOU,159,0
Market Festival,1,JOU,130,0
Rise of Eagles,1,JOU,49,0
Satyr Grovedancer,2,JOU,139,0
Eagle of the Watch,1,JOU,9,0
Banishing Light,1,JOU,5,0
Rimebound Dead,1,CSP,69,0
Lightning Storm,1,CSP,89,0
Gristle Grinner,1,CSP,59,0
Dark Ritual,1,DDE,18,0
Nebelgast Herald,1,EMN,71,0
Long Road Home,1,EMN,34,0
Niblis of Frost,1,EMN,72,0
Gnarlwood Dryad,1,EMN,159,0
Felidar Sovereign,1,BFZ,26,0
Adverse Conditions,1,BFZ,54,0
Eldrazi Devastator,1,BFZ,7,0
Grave Birthing,1,BFZ,93,0
Kalastria Nightwatch,1,BFZ,115,0
Pathway Arrows,1,BFZ,225,0
Valakut Invoker,1,BFZ,159,0
Reclaiming Vines,1,BFZ,185,0
Slab Hammer,1,BFZ,227,0
Firemantle Mage,1,BFZ,145,0
Vampiric Rites,1,BFZ,124,0
Clutch of Currents,1,BFZ,72,0
Gruesome Slaughter,1,BFZ,9,0
Molten Nursery,2,BFZ,130,0
Expedition Envoy,1,BFZ,24,0
Painful Truths,1,BFZ,120,0
Eyeless Watcher,1,BFZ,166,0
Rising Miasma,1,BFZ,122,0
Ob Nixilis Reignited,1,BFZ,119,0
Ulamog's Despoiler,1,BFZ,16,0
Tandem Tactics,1,BFZ,52,0
Scour from Existence,1,BFZ,13,0
Sheer Drop,1,BFZ,48,0
Tajuru Warcaller,1,BFZ,195,0
Reckless Cohort,1,BFZ,152,0
Hedron Blade,1,BFZ,224,0
Scythe Leopard,1,BFZ,188,0
Silent Skimmer,1,BFZ,96,0
Eldrazi Skyspawner,1,BFZ,58,0
Natural Connection,1,BFZ,179,0
Makindi Sliderunner,1,BFZ,148,0
Lifespring Druid,1,BFZ,177,0
Mind Raker,1,BFZ,95,0
Vestige of Emrakul,1,BFZ,136,0
Goblin War Paint,1,BFZ,146,0
Looming Spires,1,BFZ,238,0
Dispel,1,BFZ,76,0
Carrier Thrall,2,BFZ,106,0
Mire's Malice,1,BFZ,117,0
Akoum Stonewaker,1,BFZ,140,0
Woodland Wanderer,1,BFZ,198,0
Boiling Earth,1,BFZ,142,0
Roilmage's Trick,1,BFZ,83,0
Incubator Drone,1,BFZ,60,0
Spawning Bed,1,BFZ,248,0
Brood Monitor,1,BFZ,164,0
Benthic Infiltrator,1,BFZ,55,0
Kor Castigator,1,BFZ,35,0
Retreat to Valakut,1,BFZ,153,0
Mist Intruder,1,BFZ,61,0
Knight of the Holy Nimbus,3,TSP,26,0
Sudden Spoiling,1,TSP,135,0
Pentarch Paladin,1,TSP,32,0
Master's Call,2,MBS,13,0
Viridian Emissary,1,MBS,95,0
Pistus Strike,1,MBS,86,0
Plaguemaw Beast,1,MBS,87,0
Lead the Stampede,1,MBS,82,0
Rot Wolf,1,MBS,90,0
Shriekhorn,1,MBS,130,0
Signal Pest,2,MBS,131,0
Silverskin Armor,3,MBS,132,0
Divine Offering,4,MBS,5,0
Peregrine Drake,1,EMA,64,0
Halimar Depths,1,WWK,137,0
Treasure Hunt,1,WWK,42,0
Vastwood Animist,1,WWK,116,0
Executioner's Capsule,1,2XM,92,0
Conclave Naturalists,1,2XM,160,0
Clone Shell,1,2XM,241,0
Trash for Treasure,1,2XM,148,0
Deathreap Ritual,1,2XM,194,0
Brainstorm,1,2XM,44,0
Frogify,1,2XM,52,0
Ovalchase Daredevil,1,2XM,101,0
Riddlesmith,1,2XM,65,0
Clockwork Condor,1,DDF,50,0
Venom Connoisseur,1,SNC,161,0
High-Rise Sawjack,3,SNC,150,0
Backup Agent,3,SNC,2,0
Island,3,SNC,264,0
Inspiring Overseer,3,SNC,18,0
Prizefight,1,SNC,154,0
Kill Shot,2,SNC,19,0
Forest,3,SNC,271,0
Arc Spitter,1,SNC,233,0
Mountain,4,SNC,268,0
Executioner's Hood,1,DKA,148,0
Avacyn's Collar,2,DKA,145,0
